canonical_note,cluster,svd_x,svd_y,cluster_name,n_products
freesia,0,4.117286824731597,-4.572214980783165,sour,1876
pear,0,4.482797536923306,-4.07642629112933,sour,1804
peony,0,5.197533429909953,-5.292295830573304,sour,1752
magnolia,0,4.503210044903375,-3.553610751846181,sour,1507
gardenia,0,4.211798934658437,-3.3070856775469997,sour,1153
orchid,0,5.45786684512286,-5.152932062728665,sour,861
lily,0,3.7310648940214524,-3.2558083333451107,sour,800
mimosa,0,4.873625202428535,-2.443523809091703,sour,612
litchi,0,5.655191608894454,-5.339487290367948,sour,600
apricot,0,5.227126880097378,-3.8303424722990185,sour,577
lotus,0,6.464252622269306,-5.337507544343226,sour,542
cyclamen,0,4.361714053650797,-3.0162558486295135,sour,484
honeysuckle,0,6.523347517534697,-5.0162418090934615,sour,467
melon,0,4.392293373299458,-3.1416867601060168,sour,463
passionfruit,0,6.070192007283671,-5.111818287432709,sour,450
blackberry,0,6.3032474585432166,-4.608621036417636,sour,424
water lily,0,7.080573472834434,-5.797965687228389,sour,402
red apple,0,5.55839900452392,-4.144959771597909,sour,370
yuzu,0,6.757427050548918,-1.4915678189462436,sour,369
green tea,0,6.427126611297842,-1.0068082266342109,sour,311
lilac,0,5.382867333274529,-2.9022630586078133,sour,308
green leaves,0,6.066516632834027,-2.0716093530404653,sour,281
marigold,0,5.604927074249074,-0.5618163641868734,sour,265
watermelon,0,6.700609286425289,-5.2047294154081065,sour,264
pomegranate,0,8.294363353698763,-5.449925011295451,sour,262
red currant,0,7.105113199771073,-6.0527191464877586,sour,232
clementine,0,8.533796888939495,-3.754169281597509,sour,226
hyacinth,0,4.955221941701784,-2.199614017914244,sour,225
bamboo,0,7.194886324179431,-3.366395934722057,sour,222
nectarine,0,7.445514887906661,-6.700409551483156,sour,211
pomelo,0,6.40275476296323,-2.183054700557213,sour,191
cherry blossom,0,8.429031763704376,-6.2838738624244055,sour,188
teak wood,0,6.623975387220013,-0.43131805074645924,sour,159
cassia,0,5.7275534466150635,-1.269307475934952,sour,151
peach blossom,0,7.475813418960067,-4.060417668644886,sour,147
white rose,0,6.514058740477568,-3.4401339246279266,sour,130
mahogany,0,7.83443679486034,-1.3045495490115468,sour,124
cucumber,0,7.113173326088785,-2.1587988964396105,sour,117
passion flower,0,8.305869016713526,-7.195403752899655,sour,112
kumquat,0,6.758105370067829,-3.30246742659073,sour,111
quince,0,7.789613249084504,-3.7922388483268574,sour,111
almond blossom,0,6.9967463954873645,-4.934666416946505,sour,110
big strawberry,0,4.596757173036159,-4.4886049212992996,sour,108
cranberry,0,6.881902629975585,-3.1565590167328406,sour,106
cotton flower,0,7.002042644079273,-4.926645887219058,sour,100
hinoki wood,0,8.435999533255135,-0.6534300231509662,sour,99
sweet pea,0,6.582103327651247,-5.5165612628195175,sour,99
kiwi,0,6.558471003868204,-6.219155233885753,sour,97
wisteria,0,7.564297620237571,-3.933316860199946,sour,90
carambola,0,7.783205988502395,-5.881099071160395,sour,88
hiacynth,0,3.8148765814225483,-2.4252425886110487,sour,77
camellia,0,7.7302681729594,-3.7338022024227095,sour,66
papaya,0,7.227134160911267,-5.314943981192893,sour,63
crystal amber,0,7.401780850999122,-3.1491497578187566,sour,62
tulip,0,6.436066230241195,-3.533171234499202,sour,50
tea rose,0,7.36482447059711,-1.1917611913110484,sour,49
datura,0,6.21117396171128,-3.3816897261353907,sour,40
syringa,0,6.090517313631334,-3.609937267357384,sour,40
cactus,0,7.246606914828485,-3.890520484296946,sour,37
water hyacinth,0,5.763171593897008,-3.905002603936288,sour,34
cactus flower,0,6.390097240846931,-3.2174556249820467,sour,32
black violet,0,6.799745517231563,-0.787370870017324,sour,30
daisy,0,7.41011772680249,-3.076083007992082,sour,30
night blooming cereus,0,5.408906028764267,-3.4115247274437737,sour,30
mint,1,4.287088295384043,0.9726073003094171,camphor,1208
sage,1,4.189077896725163,1.9879405846111513,camphor,953
petitgrain,1,4.407983225908431,1.6656491026189548,camphor,798
basil,1,4.773514821800957,2.3206195897729667,camphor,764
rosemary,1,4.023839993601091,2.6959671848110562,camphor,748
cypress,1,5.698877785798558,4.139485402214836,camphor,738
clary sage,1,5.242970315076631,3.5536613316743546,camphor,722
galbanum,1,4.371714057149848,2.6768877461916745,camphor,695
bitter orange,1,5.779176358793505,2.0867555812500225,camphor,609
juniper,1,5.736158155179279,3.916024426581537,camphor,587
artemisia,1,4.081984901131733,3.0951191858243177,camphor,538
fig,1,7.346332314723629,0.28937193170683373,camphor,492
juniper berries,1,5.91969512971614,3.1382655840698237,camphor,430
thyme,1,5.469922921434191,3.8435687343645153,camphor,366
angelica,1,6.938407222165418,3.5097783212813125,camphor,321
mate,1,7.3922082919023815,2.08444702978779,camphor,274
citron,1,7.0313253313280875,1.6213129987104977,camphor,268
caraway,1,4.570484412907545,2.9648573330255807,camphor,258
fig leaf,1,7.911023219429397,1.2844286916224186,camphor,250
coumarin,1,5.675854720038259,1.3569243079688114,camphor,226
eucalyptus,1,8.196992748342847,3.6818460348915396,camphor,212
grass,1,8.51016438172301,1.0939070243780968,camphor,194
tarragon,1,3.990807448613227,2.0337071068870145,camphor,178
pine,1,6.782807027885571,4.313802637237704,camphor,177
wormwood,1,7.680015064789922,4.02367353822992,camphor,168
lemon verbena,1,5.48675811710898,0.4039216805300201,camphor,160
seaweed,1,8.734697865459857,2.9845030789300626,camphor,156
bay leaf,1,5.9405627059036075,3.8766476609761407,camphor,155
pine tree,1,6.886914280875413,3.766822173415627,camphor,139
myrtle,1,7.983951863966576,3.3765220242771625,camphor,135
mastic or lentisque,1,7.632779394235224,4.4454844419178805,camphor,128
cannabis,1,8.741119574108932,4.288631719348347,camphor,121
peppermint,1,8.421442034229912,4.689667613677745,camphor,104
tomato leaf,1,6.634983292766151,1.1362781377114577,camphor,98
lemongrass,1,6.40832996615787,0.7450290430735378,camphor,83
fennel,1,8.04260042901265,3.9174222701471804,camphor,82
absinthe,1,6.783360415829723,2.811560262220319,camphor,81
verbena,1,6.41040294413692,1.0024868637530242,camphor,81
fern,1,6.890844517727771,3.096878564638822,camphor,73
olive tree,1,7.527201066684194,2.307650653230782,camphor,73
gin,1,7.0620043934572,3.210301854031876,camphor,69
wildflowers,1,7.1509880782501325,0.20022629347618562,camphor,60
laurels,1,8.223764108628504,4.342900572682731,camphor,50
oregano,1,6.299673387937487,4.286296574304952,camphor,47
blood mandarin,1,7.3206389737566955,2.319196753155997,camphor,44
litsea cubeba,1,7.797873841050476,4.204964080306117,camphor,42
cedar needles,1,4.4923661126119825,2.1543327574032918,camphor,39
red cedar,1,8.283232421319536,3.658368730987333,camphor,38
green grass,1,6.094526782818274,0.21592770648234846,camphor,36
palmarosa,1,6.292935305785747,2.051341766521708,camphor,36
marjoram,1,6.204192101245919,4.795184758399154,camphor,34
red thyme,1,5.453943776479562,3.2554000908029566,camphor,32
buchu or agathosma,1,7.111395197432101,2.3829961893473035,camphor,31
bourbon vanilla,2,7.92919099293548,-0.19757764030709477,balsamic,348
peru balsam,2,8.092318250464395,2.3198806077568737,balsamic,269
tolu balsam,2,7.006989070918506,3.195047820927644,balsamic,252
vanilla absolute,2,9.0088571064947,1.66512610746753,balsamic,212
ebony wood,2,8.642633120618356,0.05891519440118842,balsamic,131
skin,2,8.525120270937961,-1.6552056307512357,balsamic,55
night blooming jasmine,2,7.460126359344281,0.31811578472209556,balsamic,54
mysore sandalwood,2,6.56431466630421,3.3054669298891897,balsamic,36
gunpowder,2,9.432990871184838,2.758518681491047,balsamic,30
madagascar vanilla,3,8.795910967543064,1.0946282881964216,tuberose,468
haitian vetiver,3,8.073840593867022,5.0470794322416515,tuberose,392
calabrian bergamot,3,8.20773643277116,2.9091800265048327,tuberose,330
egyptian jasmine,3,8.582269763662268,1.076476193476137,tuberose,244
sicilian lemon,3,7.248926466669209,0.5500740683940331,tuberose,230
indonesian patchouli leaf,3,10.028043689937729,4.678303257216307,tuberose,212
australian sandalwood,3,9.56889956962487,3.1127648281289546,tuberose,190
italian lemon,3,8.124642499060284,0.04984121680907949,tuberose,185
sicilian bergamot,3,8.968099536262791,0.34820497497406144,tuberose,158
italian mandarin,3,9.347998088779935,-0.09679515361816349,tuberose,154
siam benzoin,3,8.943922666422448,4.141448321229128,tuberose,143
indian jasmine,3,8.895486515427242,1.4578993445773178,tuberose,115
guatemalan cardamom,3,8.644028682441549,4.59958900776877,tuberose,86
sicilian mandarin,3,7.512567862463506,1.5931226177766962,tuberose,85
indian tuberose,3,8.427848095435566,0.9858560763375602,tuberose,81
tunisian neroli,3,8.379311137740853,4.036613335999315,tuberose,80
bourbon geranium,3,7.199365278183947,3.6952178260666493,tuberose,71
java vetiver oil,3,9.192697819222433,5.880433624686818,tuberose,69
ceylon cinnamon,3,7.780575018484738,3.140359270547865,tuberose,63
spanish labdanum,3,8.773010101556908,4.911759509132495,tuberose,62
tuscan iris,3,6.434622007959039,3.4241408938426865,tuberose,62
texas cedar,3,8.645604286734327,4.419494038055067,tuberose,61
brazilian orange,3,9.02587841574599,1.4725833792424283,tuberose,55
tunisian orange blossom,3,6.321805333183803,1.4696982202910736,tuberose,51
sicilian orange,3,6.005887751165652,1.7321855361297935,tuberose,49
bourbon vetiver,3,6.27986134230323,2.483147438643451,tuberose,41
cistus incanus,3,8.039717958580361,4.878873457220484,tuberose,38
chinese osmanthus,3,7.53016930170585,2.45623901660258,tuberose,36
tahitian vetiver,3,5.69689140454499,2.257505074430655,tuberose,31
african geranium,3,5.072639746749072,1.7812572838405365,tuberose,30
madagascar vetiver,3,7.169724360394419,3.044494098217873,tuberose,30
madagascar ylang ylang,3,6.252101271405185,1.682515330325002,tuberose,30
musk,4,2.229206121230853,-2.3958762469156856,soapy,12704
bergamot,4,0.6820913155879968,0.1371654879014077,soapy,9531
sandalwood,4,1.167631815879271,-1.0020183699134253,soapy,9377
vanilla,4,2.9799606463333923,-2.114805460210126,soapy,9178
jasmine,4,1.5427004919336578,-1.559870119841091,soapy,9170
amber,4,1.0106651803418374,-0.5954983311012245,soapy,8944
patchouli,4,1.2360191327239471,0.7362282394643078,soapy,8540
cedar,4,1.4927356352485956,0.568559414269659,soapy,7953
rose,4,1.102670103288212,-0.9188370086826863,soapy,6615
vetiver,4,2.120475826774882,1.5507185000407087,soapy,4631
mandarin,4,1.7359321698232466,-1.5802774414465213,soapy,4484
tonka bean,4,2.6263728496273906,-0.12093403708315692,soapy,4467
violet,4,1.9187232889772003,-0.8529749686958232,soapy,3556
lemon,4,2.0970142341120193,0.2766431610966478,soapy,3396
pink pepper,4,2.7364066862175385,0.5638785560436216,soapy,3302
orange blossom,4,2.4963322325308863,-1.1401175472291705,soapy,3218
cardamom,4,2.721085405936591,1.8585073873199935,soapy,3050
lavender,4,2.5659703664792186,1.9746096532480175,soapy,3031
iris,4,1.578880881405718,-0.26666435431000696,soapy,2703
lily of the valley,4,2.126162041526799,-2.08706194757674,soapy,2663
grapefruit,4,2.3100592047210986,-0.03200919476782724,soapy,2591
oakmoss,4,3.1311840736474963,2.30760434149093,soapy,2265
ylang ylang,4,2.428030454689567,-0.31725252607224774,soapy,2247
benzoin,4,3.2200672741592764,1.522643903372455,soapy,2171
cinnamon,4,3.2604774045296527,1.692028491788669,soapy,2074
geranium,4,2.122811495782408,1.5067909553295378,soapy,2065
ginger,4,3.308983664697462,1.0621106832193759,soapy,2019
peach,4,2.813702906394255,-2.861628995267815,soapy,1997
black currant,4,2.9897890180880906,-2.288375875200992,soapy,1879
orange,4,2.3658286820160948,-0.44698600391420473,soapy,1821
neroli,4,2.559424106581932,0.044808761604463676,soapy,1760
nutmeg,4,2.929417285773324,2.4041977101639005,soapy,1708
tuberose,4,2.700874554149121,-0.43507506773933236,soapy,1586
heliotrope,4,3.54512844271276,-2.256406563968881,soapy,1374
orris,4,3.320293343239382,0.9915010744832241,soapy,1318
apple,4,2.529510486977647,-1.3132236840026303,soapy,1285
pepper,4,2.376143578840527,1.0588954454296449,soapy,1248
plum,4,3.589257152663066,-1.4824609537434923,soapy,1164
coriander,4,3.089935731866543,2.109449090360787,soapy,1112
moss,4,4.000505745409218,0.7185562830105607,soapy,1064
pineapple,4,2.786906122754684,-2.0822902189078096,soapy,1002
lime,4,4.409469112900878,-0.12414718556674355,soapy,968
osmanthus,4,4.189944190274574,-0.637487616099514,soapy,897
cashmere wood,4,4.127635862582988,-1.3715150484035095,soapy,874
tangerine,4,3.210193921640948,-1.9995085773754862,soapy,779
cashmeran,4,4.576595835759792,0.5992301527429378,soapy,759
aldehydes,4,3.7927322346367554,1.7216945153480836,soapy,673
carnation,4,2.6888306577114482,0.786836897875175,soapy,596
water notes,4,5.414387945530098,-0.9433664161953674,soapy,595
cassis,4,4.000501700332572,-2.476210324530412,soapy,589
green apple,4,4.512252645176459,-2.103644102823649,soapy,421
rhubarb,4,5.295122513710175,-0.6113072583378568,soapy,417
anise,4,4.048494472273309,0.6293076832104639,soapy,317
licorice,4,5.4497974312856945,0.08892706056767863,soapy,282
brazilian rosewood,4,3.7720517903796127,-0.33512611794091157,soapy,223
fruits,4,5.441118648825903,-1.440578223634457,soapy,158
precious woods,4,5.670671322357781,-0.6377201788712187,soapy,144
calone,4,5.477254369747737,-0.4318692954680727,soapy,78
citrus,4,5.272951274255422,-0.53566979647673,soapy,74
dry wood,4,4.736011284922456,1.0639014777889721,soapy,74
iris flower,4,4.793946431134894,0.2718977936895942,soapy,72
ginger flower,4,4.9599044696547505,-1.6509050408267858,soapy,68
fig tree,4,6.314134139870795,0.8393034428729609,soapy,60
fir resin,4,4.853098964267286,2.0474583267681403,soapy,57
oriental notes,4,3.8027440201311644,0.379068243273646,soapy,49
matcha tea,4,6.055237856999849,-1.8080966026598815,soapy,48
exotic fruits,4,4.0247166112696,-1.7919728810115136,soapy,46
mountain air,4,6.412201264001418,-1.060205265002637,soapy,44
priprioca,4,3.68440619987925,-0.20224760554102977,soapy,39
cashmirwood,4,4.991130001557504,-0.6092751469418107,soapy,38
green bell pepper,4,5.477211607085032,1.9830771089431223,soapy,37
fig nectar,4,5.46924980733772,0.5876168880316193,soapy,35
currant buds,4,4.2837562987516495,0.04001343396988871,soapy,34
moroccan jasmine,4,4.045052151965802,-0.5832712423982204,soapy,33
vodka,4,6.404888532210924,-1.6964653045298779,soapy,33
amber xtreme,4,4.003066530990032,1.353921315679984,soapy,31
raspberry,5,3.96507218842639,-3.7655384692709197,cherry,1687
praline,5,5.571293287233637,-3.986563580613173,cherry,654
sugar,5,8.67155658720856,-5.691488631572844,cherry,615
red berries,5,5.3471171406330855,-4.783149796504241,cherry,490
strawberry,5,6.142226583543452,-4.682141454556369,cherry,447
cherry,5,7.108213732011667,-3.9472156591901006,cherry,402
whipped cream,5,10.214791752701942,-7.130056632646019,cherry,284
marshmallow,5,8.014889749825,-5.366856142181558,cherry,237
sweet notes,5,6.984497785569319,-2.8400144093687754,cherry,217
red fruits,5,5.97189698197737,-4.1521113878266975,cherry,195
cotton candy,5,7.5710957641678895,-6.220358400540489,cherry,189
blueberry,5,7.6376279018509745,-4.71033508778418,cherry,159
champagne,5,7.911204393284947,-5.790475641967834,cherry,137
sour cherry,5,6.989909123568876,-2.105517652479292,cherry,96
spun sugar,5,6.863973634166679,-1.3978709849899749,cherry,46
candy apple,5,7.417815267877753,-4.790540043263508,cherry,43
meringue,5,6.038725303296832,-4.95227809047577,cherry,43
cupcake,5,5.306701296764571,-5.324339285356062,cherry,39
macarons,5,6.02322736305562,-5.575640025024564,cherry,35
marzipan,5,6.903940247763509,-3.9852257300948315,cherry,30
white musk,6,5.409943461955403,-2.2447369728374835,rose,2088
ambroxan,6,5.73465161405951,0.630869287064133,rose,908
ambrette,6,6.4350945103727,0.9497329532094935,rose,712
bulgarian rose,6,5.6038198812107956,1.079318465567718,rose,637
turkish rose,6,5.911847795316536,0.9751031111710857,rose,529
amberwood,6,6.154907345373726,-0.2627556957182817,rose,515
damask rose,6,5.928152237043325,0.49690952937183486,rose,487
blood orange,6,7.258736855906316,-0.8701785240370249,rose,370
may rose,6,4.905783665029764,0.3114329184413871,rose,227
green mandarin,6,7.488771482901764,1.0229123280041692,rose,211
hedione,6,5.4184498214365995,1.6225289618457657,rose,200
white pepper,6,6.333391010814704,-0.5146038434246605,rose,195
violet leaves,6,6.471041445181126,-0.28891337756734414,rose,179
sweet orange,6,7.2326046610854835,0.9912498888645951,rose,159
white peach,6,7.104626283279546,-3.848778277649105,rose,158
akigalawood,6,6.187669644137042,1.9041717275115968,rose,146
white cedar extract,6,6.719455541819801,-2.5335156769199108,rose,133
white tea,6,7.373745122038216,-2.8193936576133813,rose,127
moroccan rose,6,7.598963354728426,1.9506035631370513,rose,100
rose water,6,6.671535091843101,-1.2080832821183887,rose,88
rose oil,6,7.185663323922736,1.5701775042054027,rose,84
taif rose,6,5.083380989827965,1.2426567852608668,rose,82
grasse rose,6,6.78035838799342,-0.5388303874762636,rose,71
black amber,6,6.622008776188135,-0.11129245371470442,rose,68
green accord,6,7.890265042266078,-0.8418585869070927,rose,57
yellow mandarin,6,6.494617116969634,1.1909674768611793,rose,56
lychee,6,6.1429623872771195,-2.3110903426309584,rose,55
black vanilla husk,6,6.06554659148842,0.24742191653872203,rose,52
white sandalwood,6,7.174782511809019,-1.4671034103715344,rose,51
white lily,6,5.905793989317862,-2.821411866950693,rose,50
black rose,6,5.058083811390421,0.05715894066207605,rose,45
orcanox™,6,7.126382430340904,-0.15350341741542844,rose,41
ambrofix™,6,5.460063524144623,1.1845302245934746,rose,40
mahonial,6,5.340417697712397,-0.029910919801324543,rose,39
mirabelle,6,5.858223377454866,-2.3103913847555,rose,39
ambrettolide,6,6.752030436824253,1.5574592185895024,rose,36
clearwood,6,5.566134874137168,1.5437310521999876,rose,34
white iris,6,4.849445645101934,-1.3245681375861453,rose,33
ambrox super,6,5.970203583655465,0.7265441719645831,rose,30
tea leaf,6,6.56638931462808,-0.22142412756251295,rose,30
castoreum,7,6.837070231142482,6.694293969724953,oud,274
civet,7,6.225261598818925,5.311660119844272,oud,270
champaca,7,8.823230792262285,4.4748720544910405,oud,124
animal notes,7,6.969157425510274,4.379516756157189,oud,112
indian oud,7,7.800321735809849,5.552977138123056,oud,84
cambodian oud,7,6.846784668391118,4.151518845651045,oud,75
turmeric,7,7.939028813354554,4.612346308125964,oud,74
laotian oud,7,7.8419824364147,5.98243620232922,oud,68
birch tar,7,8.794622438103074,7.562803727892577,oud,66
natural musk,7,7.3036294771623815,3.928357789546216,oud,50
nard himalayan,7,7.794687908365815,7.30533200590823,oud,40
thailand oud,7,7.461301369351922,6.716967139948862,oud,40
hyrax,7,8.580517711718095,6.464685000532649,oud,37
immortelle,8,8.327878741713327,3.7116119505267315,conifer,306
balsam fir,8,7.743966458408566,5.198821445846168,conifer,262
chamomile,8,8.977473035384328,4.139546014774165,conifer,255
smoke,8,9.305761782342463,5.54301629503538,conifer,240
hay,8,9.68695349566682,5.909229044992221,conifer,194
beeswax,8,9.140780107401287,4.920095570242484,conifer,180
fir,8,7.803839614402982,4.3273371052642595,conifer,167
broom,8,7.680058846813951,1.7801521787743069,conifer,74
cade oil,8,8.091959095014262,6.084825067352515,conifer,71
soil tincture,8,8.508185426083276,4.186326071111187,conifer,64
pine needles,8,7.755088810076371,6.026582037781328,conifer,63
camphor,8,8.332980003631096,7.322363015262843,conifer,48
celery seeds,8,7.061770809974964,4.386165984027566,conifer,48
costus,8,7.809164116544146,6.590894202642188,conifer,46
calamus,8,8.630682871655916,4.501903848693862,conifer,37
ash,8,9.51104576460947,6.777910340088374,conifer,30
honey,9,5.826056171084277,0.3439335465288715,whiskey,942
coffee,9,6.49368916826273,1.4150152853478575,whiskey,720
rum,9,7.205052126583552,0.7490566058218887,whiskey,642
cacao,9,6.640756154854972,1.047049495911775,whiskey,571
oak,9,9.743492147823787,4.165320660694594,whiskey,287
davana,9,7.660900780277184,2.393905742508829,whiskey,282
dark chocolate,9,7.3559649204104804,-0.6156356296437253,whiskey,216
cognac,9,7.473519032847786,2.8810058972010983,whiskey,194
dried fruits,9,7.4377905669916275,2.554546757848315,whiskey,163
whiskey,9,7.908202261172926,3.633568667775587,whiskey,147
dates,9,7.97528611430169,1.1642867252127935,whiskey,143
chestnut,9,6.208612132450494,0.1543434851605276,whiskey,91
red wine,9,7.862367327981634,1.2356837290018992,whiskey,59
truffle,9,6.873388675574761,2.474514297559128,whiskey,52
walnut,9,7.638931112270162,-0.288048100157526,whiskey,43
maple,9,8.436266206340846,1.000724622525273,whiskey,38
brandy,9,7.883670167204956,1.1886742689353105,whiskey,37
dried plum,9,6.18322496218541,0.9870626781798044,whiskey,31
roasted coffee beans,9,7.2136706651146625,1.1045765218622128,whiskey,31
gingerbread,9,5.084512815635831,-0.7653574132750798,whiskey,30
malt,9,8.703246012412833,2.447187325044097,whiskey,30
white woods,10,7.95287334372963,-5.885358549623959,sour,316
pink grapefruit,10,7.980293393189072,-4.051848459636544,sour,242
white amber,10,8.585120988989637,-4.037232103700331,sour,222
vanilla orchid,10,9.127865214021162,-7.008732384099218,sour,193
rose petals,10,7.725160831498242,-3.8086336734437016,sour,135
apple blossom,10,8.021260045545802,-5.620173892358945,sour,132
wild berries,10,6.728445591724117,-4.756408205394381,sour,123
pink peony,10,7.403496929623158,-6.45505947560851,sour,92
wild strawberry,10,7.592524299438416,-3.79667951551479,sour,76
sorbet,10,6.553491934505545,-4.822095072306886,sour,73
red rose,10,7.459309728611966,-1.2881941358367626,sour,70
lemon blossom,10,6.857173760754953,-4.0259885858019056,sour,68
pear blossom,10,7.4603126729709,-5.9588335534331085,sour,66
cashmere musk,10,7.212872296756741,-1.0759549934259578,sour,60
dew drop,10,7.484956012408475,-3.763700990112433,sour,60
plum blossom,10,7.208880541403947,-5.1272054738276935,sour,55
rose hip,10,6.658239623875022,-3.91893549987507,sour,46
star jasmine,10,8.18111202693244,-6.748907859316283,sour,45
wild rose,10,7.587178254719797,-3.9364094525868047,sour,42
poppy,10,7.371307303807757,-1.942426099947249,sour,41
black orchid,10,6.577770808973584,-2.6318760300816875,sour,37
pink freesia,10,7.269722830186793,-5.789539634532369,sour,36
pink rose,10,5.495933406523433,-4.9574876559607715,sour,30
caramel,11,6.141832544261311,-3.6529839232942365,savory,1240
almond,11,5.912278039734231,-2.88604291344528,savory,797
milk,11,7.53039812703726,-3.529024996097119,savory,486
hazelnut,11,8.512061547241181,-0.9226330194610952,savory,291
chocolate,11,8.098176239334467,-2.470045338942921,savory,248
pistachio,11,8.130866977442398,-2.6409993117962896,savory,183
brown sugar,11,9.189569363801105,-3.66369488668511,savory,167
bitter almond,11,6.8887108840542215,-0.11198762289420544,savory,134
toffee,11,7.8871337533215735,-4.210501769272137,savory,110
butter,11,9.561182304833457,-1.6869368268484395,savory,107
white chocolate,11,8.506930243074205,-4.488590212830307,savory,104
cocoa,11,6.915380971764438,-2.260832083712297,savory,86
liquor,11,7.347188940731755,-0.9976591479299093,savory,78
sesame,11,7.8674987207855915,0.6682212915803154,savory,72
almond milk,11,7.836781396501879,-2.8362911954000185,savory,71
black cherry,11,7.146557446884517,-0.9221857524744062,savory,57
ice cream,11,8.900489898047532,-4.176867789577736,savory,57
custard,11,8.817897711076832,-4.005187376701419,savory,55
amaretto,11,7.132851439612117,-2.2685982469601673,savory,50
biscuit,11,7.378392952775792,-4.250794358932341,savory,41
popcorn,11,7.613207426439484,-1.772733109458962,savory,38
gourmand accord,11,6.030546320834812,-0.8418013983397031,savory,37
cake,11,8.283895673330475,-0.39979233305117856,savory,34
cappuccino,11,5.877318945172657,-2.50256713598988,savory,34
coconut,12,5.984670647509679,-4.6883428528405755,terpenic,967
frangipani,12,7.822375300441123,-4.703186105558882,terpenic,460
mango,12,6.201029191901263,-4.159862832826944,terpenic,411
tiare flower,12,5.743363413995407,-4.612336604623661,terpenic,316
salt,12,9.122183408362249,-0.6415481415932486,terpenic,289
sea water,12,6.154468806367435,-0.9795331726803904,terpenic,211
driftwood,12,9.061483694294495,-2.217389274162817,terpenic,204
coconut milk,12,8.358221892862797,-4.114641959675598,terpenic,200
sea salt,12,8.701694451219083,-1.500446245185621,terpenic,196
hibiscus,12,7.9194190887068014,-5.823283165737905,terpenic,187
solar notes,12,7.758932301210139,-2.7249009888290083,terpenic,180
guava,12,8.181382415584956,-5.322434871221438,terpenic,160
banana,12,7.638604889993699,-2.681239604435039,terpenic,98
tahitian vanilla,12,7.629208304801542,-1.6181674607720304,terpenic,93
sand,12,6.92364713783911,-2.007982176726789,terpenic,90
tropical fruits,12,6.757105658370881,-3.5195089556964456,terpenic,88
coconut water,12,8.588339492090766,-5.2638231572201,terpenic,81
ice,12,7.857147165592288,-2.1081576756007934,terpenic,59
coconut nectar,12,6.613133446950817,-4.99518328543677,terpenic,58
water jasmine,12,6.984970368435963,-2.4954726751960075,terpenic,55
pitahaya,12,7.82403862981936,-6.383423841130635,terpenic,45
rain notes,12,8.424714330530069,0.17224576291842397,terpenic,42
palm leaf,12,6.673662588772862,-3.2970958916548048,terpenic,39
vanille,13,3.667758989914534,-3.0956180176058528,savory,772
tea,13,5.47733574671221,-0.4157998930262706,savory,482
amalfi lemon,13,3.4391000908886893,-1.4322389680655692,savory,464
narcissus,13,5.485265890411165,0.40542121330007924,savory,380
african orange flower,13,3.3464260734457607,-1.826192926928082,savory,376
star anise,13,5.721670774011125,0.6004608819487924,savory,314
french labdanum,13,3.7082213855202255,1.8429201310337038,savory,178
ivy,13,6.986575217602014,-0.9926106132912087,savory,156
flowers,13,7.844515933526967,-1.177126856199704,savory,153
hawthorn,13,5.760490659256118,-1.2410103239288692,savory,145
vetyver,13,4.262425934186716,-0.04095152563216392,savory,141
rice,13,6.614695021489806,-1.819653342305978,savory,132
granny smith apple,13,5.4714020640567345,-3.7275205507978795,savory,114
lime blossom,13,7.070904318016684,-2.058600889977597,savory,106
white honey,13,4.522684263291926,-1.1915532844056607,savory,105
grapes,13,6.332860884439764,-1.3891055745544683,savory,90
tincture of rose,13,4.1502755707129255,-2.961809371089776,savory,72
rhuburb,13,4.400567052550836,-2.7849829721703148,savory,56
paprika,13,5.2755982788862354,0.23590144292851434,savory,54
clover,13,7.994300920386761,-1.7181170146905047,savory,52
wheat,13,7.397516457474355,0.037686365639815006,savory,51
tobacco blossom,13,7.061084120910783,1.9423411839798117,savory,49
acácia,13,6.484527148531594,0.3298787861999146,savory,47
shiso,13,6.194084136114125,0.39773070842509056,savory,45
mexican chocolate,13,4.907767571210476,-3.6368597127973503,savory,44
exotic woods,13,6.226076690900127,-1.3083515238596486,savory,43
sunflower,13,5.8483313560971215,-2.2388681849930965,savory,39
black locust,13,5.082323540848007,-1.742899777145719,savory,38
sequoia,13,6.532156719717925,-0.09078113666175058,savory,31
tamarind,13,5.702802109893927,-0.1448767017019147,savory,31
leather,14,3.5099003420386286,3.10224489574167,oud,2822
agarwood,14,3.947032759785932,3.4101132165037686,oud,2216
saffron,14,4.19071645289488,3.0757150378177953,oud,2068
incense,14,4.108262065351339,3.6071423292111895,oud,2025
labdanum,14,4.308954762300931,4.301554102422486,oud,2005
ambergris,14,4.413116709886214,2.897186035712914,oud,1473
black pepper,14,4.24738399284215,3.232913773918781,oud,1412
tobacco,14,6.173192004587445,4.657675281924147,oud,1301
guaiac wood,14,4.639195176807404,3.908481635180768,oud,1234
cloves,14,3.3702703512721146,2.7519276576522618,oud,1039
olibanum,14,6.289508768607354,5.4111226771653484,oud,911
myrrh,14,6.419445080806321,4.604638287996341,oud,705
suede,14,5.792306815824158,1.4468043029337019,oud,575
elemi,14,4.904427231027335,3.7456112418342657,oud,521
styrax,14,6.0063166716120575,4.401361048827139,oud,471
cypriol oil or nagarmotha,14,5.409866502946983,4.9570905174452315,oud,462
birch,14,5.165871185133395,2.8123287794409118,oud,427
cumin,14,6.196696399464619,5.863424290434331,oud,365
resins,14,6.9200405495392125,3.5208248061291494,oud,326
papyrus,14,6.729940630136757,3.3856566428750408,oud,297
opoponax,14,5.596074347863391,4.0553118061589375,oud,282
atlas cedar,14,8.969687563534531,5.977749159789098,oud,262
black tea,14,8.466283611890656,3.8157030800122067,oud,257
carrot seeds,14,6.589453482887148,2.975961948512765,oud,254
palisander rosewood,14,5.742231920574911,1.9095992094701226,oud,249
myrhh,14,5.381301897455145,2.49155825822109,oud,231
frankincense,14,7.545495677899678,4.728470454610237,oud,219
amyris,14,8.140927010158437,4.060819062364858,oud,196
sichuan pepper,14,6.917769268932995,2.9515030497312367,oud,179
pimento,14,7.179051211973542,3.390448008460189,oud,164
elemi resin,14,6.780060341709667,3.481856682930255,oud,163
iso e super,14,6.692465753274667,1.763812477632404,oud,161
gurjan balsam,14,6.366411182021082,4.966748951504602,oud,133
rose de mai,14,6.071698616333562,2.2131527154313133,oud,116
palo santo,14,8.044988460540887,2.517743629321407,oud,107
cypriol,14,6.002562232579679,2.5652570494447384,oud,105
chili pepper,14,7.121477516535036,3.359201560149238,oud,59
cardamon,14,5.391138472813656,1.8903134266900792,oud,48
ink,14,6.493416742853704,1.6470387332620728,oud,44
copahu balm,14,4.559988733372896,2.1840508984079787,oud,40
white tobacco,14,4.989211915154684,2.469937981098143,oud,40
copaiba balm,14,6.410434728273218,3.460879423666029,oud,39
red pepper,14,6.23468178752435,2.660022702413795,oud,39
black musk,14,6.181471130461992,3.2298476657338835,oud,38
timur,14,6.237632772743469,2.3133562308486386,oud,37
allspice,14,7.009798313988978,4.611765100750629,oud,33
red chilli pepper,14,5.069756797922185,2.4889604728455432,oud,31
rock rose,14,6.2777698058914435,4.263539108752381,oud,31
